cartodb_id,animalname,count,ntacode,r,the_geom
7921,LUCY,7,BK09,1,
18952,LUNA,6,BK09,2,
1043,MAX,6,BK09,3,
61525,OSCAR,6,BK09,4,
66915,BELLA,6,BK09,5,
45736,ELLA ,5,BK09,6,
35433,LULU,5,BK09,7,
67656,SCOUT,5,BK09,8,
10615,PHOEBE,5,BK09,9,
29339,ELLIE,5,BK09,10,
30909,CHLOE,12,BK17,1,
45447,BELLA,11,BK17,2,
58350,CHARLIE,9,BK17,3,
78217,LUCKY,9,BK17,4,
22455,MAX,8,BK17,5,
70379,BELLA ,8,BK17,6,
37297,ROCKY,7,BK17,7,
67350,HOLLY,7,BK17,8,
46054,LOLA,7,BK17,9,
54425,BABY ,6,BK17,10,
18807,REMY ,3,BK19,1,
23389,MAYA,3,BK19,2,
8013,ROMEO,3,BK19,3,
757,LUCY,3,BK19,4,
7909,MARS,3,BK19,5,
12965,ROCKY,3,BK19,6,
11099,NAME,2,BK19,7,
48812,NOLA,2,BK19,8,
13564,ERNIE,2,BK19,9,
19286,GOCHA ,2,BK19,10,
51581,LUCKY,5,BK21,1,
9047,MAX,5,BK21,2,
64284,BELLA,5,BK21,3,
51732,BUDDY,4,BK21,4,
21390,LUCKY ,4,BK21,5,
49190,GIZMO,4,BK21,6,
7717,TEDDY ,3,BK21,7,
40446,SANDY,3,BK21,8,
21496,COOKIE,3,BK21,9,
68624,DJANGO,3,BK21,10,
30675,LOLA,8,BK23,1,
56786,MAX,7,BK23,2,
28862,ZOE,7,BK23,3,
23413,CHARLIE,6,BK23,4,
54858,LUCY,6,BK23,5,
22528,COCO ,4,BK23,6,
74618,COOKIE,4,BK23,7,
3522,LUCKY,4,BK23,8,
45839,BENTLEY,4,BK23,9,
43533,MICKY,3,BK23,10,
30728,ROCKY,6,BK25,1,
54843,CHARLIE,6,BK25,2,
57728,PRINCESS,4,BK25,3,
75413,LUCKY,4,BK25,4,
44950,TOBY,4,BK25,5,
49582,BABY,3,BK25,6,
64663,ROXY,3,BK25,7,
3546,SASHA,3,BK25,8,
50790,OREO ,2,BK25,9,
23510,PATIENCE,2,BK25,10,
68325,MAX,8,BK26,1,
32240,LUCKY,7,BK26,2,
73113,ROCKY,5,BK26,3,
30308,MOLLY,4,BK26,4,
39389,COCO,4,BK26,5,
51218,TEDDY,4,BK26,6,
69299,DAISY,4,BK26,7,
29299,PRINCE ,4,BK26,8,
6283,BABY,4,BK26,9,
20741,BELLA ,3,BK26,10,
47650,CHARLIE,5,BK27,1,
67437,LUCKY,5,BK27,2,
15563,COOKIE,4,BK27,3,
27125,LUNA,4,BK27,4,
4542,DAISY ,4,BK27,5,
13168,ANGEL,4,BK27,6,
36277,LUCY,3,BK27,7,
34083,DAISY,3,BK27,8,
47998,HAZEL,3,BK27,9,
55326,TARZAN,3,BK27,10,
32294,BELLA,11,BK28,1,
55849,MAX,10,BK28,2,
3038,BUDDY,8,BK28,3,
40493,ROCKY,8,BK28,4,
24976,CHARLIE,7,BK28,5,
4432,LUCKY,6,BK28,6,
7371,HAPPY,6,BK28,7,
15617,GIZMO,5,BK28,8,
1328,MAX ,5,BK28,9,
13032,BELLA ,5,BK28,10,
4652,MAX,14,BK29,1,
19567,ROCKY,8,BK29,2,
68032,BELLA,7,BK29,3,
76058,CHARLIE,7,BK29,4,
27649,COOKIE,6,BK29,5,
46118,ROXY,5,BK29,6,
13029,CHLOE,5,BK29,7,
39179,LULU,4,BK29,8,
73194,PRINCESS,4,BK29,9,
29812,MISSY,4,BK29,10,
35955,BELLA,9,BK30,1,
32701,UNKOWN,6,BK30,2,
10362,LOUIE,5,BK30,3,
51927,MAX,5,BK30,4,
54788,PENNY,5,BK30,5,
47610,LEO,5,BK30,6,
28884,CHARLIE,5,BK30,7,
51881,ROMEO,4,BK30,8,
29150,OREO,4,BK30,9,
35435,LOLA,4,BK30,10,
3325,MAX,15,BK31,1,
69763,BELLA,14,BK31,2,
63047,UNKOWN,12,BK31,3,
47371,SANDY,11,BK31,4,
13806,CHLOE,11,BK31,5,
45794,JACK,11,BK31,6,
57212,LUCKY,9,BK31,7,
4829,DAISY,9,BK31,8,
77111,CHARLIE,9,BK31,9,
40919,DEXTER,8,BK31,10,
71382,BROOKLYN,6,BK32,1,
63117,MAX,6,BK32,2,
1097,MICKEY,6,BK32,3,
14797,PRINCESS,5,BK32,4,
76004,RUBY,5,BK32,5,
56679,TEDDY,5,BK32,6,
9798,BELLA,5,BK32,7,
61424,PRINCE,4,BK32,8,
7064,TOBY,4,BK32,9,
66325,MILO,4,BK32,10,
30680,LOLA,10,BK33,1,
31358,BELLA,10,BK33,2,
54877,LUCY,10,BK33,3,
30874,SCOUT,8,BK33,4,
3987,BUDDY,7,BK33,5,
44575,RUBY,7,BK33,6,
14903,JACK,6,BK33,7,
26188,PRINCESS,6,BK33,8,
5506,COCO,6,BK33,9,
58969,JAKE,6,BK33,10,
23053,LACY,4,BK34,1,
1543,QUEEN ,4,BK34,2,
3158,MAX,4,BK34,3,
55395,COCO,3,BK34,4,
61913,GINGER ,3,BK34,5,
37338,TOBY ,3,BK34,6,
27471,MIMI,3,BK34,7,
76947,CHARLIE,3,BK34,8,
30121,HERSHEY,3,BK34,9,
13382,AKIBA,3,BK34,10,
76354,KING,8,BK35,1,
32186,MAX,5,BK35,2,
40354,MILO,4,BK35,3,
48965,CHARLIE,4,BK35,4,
26787,ROCKY,4,BK35,5,
56354,BELLA,4,BK35,6,
41159,PRINCESS,4,BK35,7,
13696,BUDDY ,4,BK35,8,
60061,KAYA,3,BK35,9,
37372,DIESEL,3,BK35,10,
43783,MAX,16,BK37,1,
45644,LUCY,16,BK37,2,
36768,CHARLIE,16,BK37,3,
45333,DAISY,14,BK37,4,
30123,LOLA,13,BK37,5,
40993,PENNY,13,BK37,6,
24667,FRANKIE,12,BK37,7,
37915,MAGGIE,12,BK37,8,
3499,OLIVER,12,BK37,9,
57301,LUNA,11,BK37,10,
13620,LUCY,14,BK38,1,
65545,CHARLIE,9,BK38,2,
43032,MOLLY,9,BK38,3,
16046,PEPPER,8,BK38,4,
4504,LUNA,8,BK38,5,
507,STELLA,7,BK38,6,
206,ROCKY,7,BK38,7,
72652,BELLA,7,BK38,8,
57169,LOUIE,7,BK38,9,
2652,RUBY,6,BK38,10,
71440,JACKSON,7,BK40,1,
78633,DAISY,7,BK40,2,
79584,MAX,7,BK40,3,
30418,BAILEY,7,BK40,4,
61619,LUNA,7,BK40,5,
65182,LEO,5,BK40,6,
4395,MAGGIE,5,BK40,7,
32836,SADIE,4,BK40,8,
879,CHARLIE,4,BK40,9,
13135,LOLA,4,BK40,10,
70309,DAISY,6,BK41,1,
31203,BUDDY,4,BK41,2,
4116,BELLA,4,BK41,3,
1846,MILO ,3,BK41,4,
42571,COFFEE,3,BK41,5,
68711,MAX,3,BK41,6,
11317,CHARLIE,3,BK41,7,
16792,CASEY,3,BK41,8,
22124,GINGER,3,BK41,9,
72234,LUNA,3,BK41,10,
54001,LOLA,10,BK42,1,
40555,CHARLIE,8,BK42,2,
68961,COCO,7,BK42,3,
44520,COCO ,6,BK42,4,
1607,TEDDY,6,BK42,5,
53458,BELLA,6,BK42,6,
37176,PENNY,6,BK42,7,
67243,ZORRO,6,BK42,8,
50138,SHADOW,5,BK42,9,
40058,MAX,5,BK42,10,
36474,MAX,5,BK43,1,
194,LULU,5,BK43,2,
64523,LUCKY,4,BK43,3,
59680,CHLOE ,4,BK43,4,
38161,PRINCE,3,BK43,5,
67526,COCO,3,BK43,6,
56593,OSCAR,3,BK43,7,
72398,ZEUS,3,BK43,8,
6403,RUBY ,3,BK43,9,
38014,PENNY,3,BK43,10,
35980,BUDDY,5,BK44,1,
74327,CHLOE,5,BK44,2,
26462,ZOEY,4,BK44,3,
79253,ROCKY,4,BK44,4,
35157,COCO,4,BK44,5,
20082,SAM,3,BK44,6,
70154,LEO ,3,BK44,7,
51931,SUNNY,3,BK44,8,
5455,DASHA,3,BK44,9,
36427,MOLLY,3,BK44,10,
54570,BELLA,17,BK45,1,
23774,ROCKY,9,BK45,2,
55123,LOLA,9,BK45,3,
72614,BAILEY,7,BK45,4,
9349,DAISY ,7,BK45,5,
38593,MAX,6,BK45,6,
29351,CHLOE,6,BK45,7,
46947,ROSIE,5,BK45,8,
44486,ROCKY ,5,BK45,9,
77691,SAMMY,5,BK45,10,
60390,MAX,3,BK46,1,
28021,MIA,2,BK46,2,
10816,ROXY,2,BK46,3,
63937,CHARLIE ,2,BK46,4,
11177,GINGER,2,BK46,5,
52363,APOLLO,2,BK46,6,
26542,NENA ,2,BK46,7,
26612,BABY ,2,BK46,8,
9812,ROSIE-BABY,2,BK46,9,
16561,DEXTER,2,BK46,10,
57876,BELLA,7,BK50,1,
33399,PRINCE,7,BK50,2,
30498,MAX,6,BK50,3,
18285,CODY,6,BK50,4,
70402,LUCKY,5,BK50,5,
35261,JAKE,5,BK50,6,
17601,COOKIE,4,BK50,7,
21487,DIAMOND,4,BK50,8,
74854,LILY,3,BK50,9,
79527,SANDY,3,BK50,10,
66362,BELLA,6,BK58,1,
16501,ROCKY,6,BK58,2,
1664,MAX,6,BK58,3,
62215,MARLEY,4,BK58,4,
260,DAISY,4,BK58,5,
20249,BUSTER,4,BK58,6,
71415,PRINCESS,4,BK58,7,
39786,TEDDY,4,BK58,8,
9870,LUCY,4,BK58,9,
19678,NAME,3,BK58,10,
28762,MAX,4,BK60,1,
61746,BELLA ,4,BK60,2,
1914,MIMI,4,BK60,3,
48785,OSCAR,4,BK60,4,
9062,HUCK,3,BK60,5,
42184,TOBY,3,BK60,6,
1113,GIGI,3,BK60,7,
10245,TEDDY,3,BK60,8,
35123,JO,3,BK60,9,
77935,RILEY,3,BK60,10,
72414,MAX,8,BK61,1,
15194,LOLA,7,BK61,2,
34981,NONE,7,BK61,3,
68922,LUNA,6,BK61,4,
69537,RUBY,6,BK61,5,
8613,CHARLIE,6,BK61,6,
15964,BELLA,6,BK61,7,
53680,OLIVE,6,BK61,8,
28716,LUCKY,5,BK61,9,
20149,COCO,5,BK61,10,
68048,CHARLIE,3,BK63,1,
9476,KINGSTON,3,BK63,2,
40808,LOTTIE,2,BK63,3,
8038,FLUFFY,2,BK63,4,
25332,VIVA,2,BK63,5,
67323,COCO ,2,BK63,6,
69779,LILAH,2,BK63,7,
2739,HANNAH,2,BK63,8,
341,CHLOE,2,BK63,9,
63975,MASON,2,BK63,10,
23336,MAGGIE,7,BK64,1,
41942,COOPER,6,BK64,2,
34619,LOLA,6,BK64,3,
59719,DAISY,5,BK64,4,
14668,ZEUS,5,BK64,5,
13812,SADIE,4,BK64,6,
76574,MURRAY,4,BK64,7,
26351,SOPHIE,4,BK64,8,
28208,SHADOW,4,BK64,9,
1632,CLEMENTINE,4,BK64,10,
10645,LUCY,7,BK68,1,
17605,MAX,6,BK68,2,
63883,MAGGIE,5,BK68,3,
74784,LOLA,4,BK68,4,
18209,ROMEO,4,BK68,5,
72048,BARNEY,3,BK68,6,
31893,JUNO,3,BK68,7,
72730,TOBY,3,BK68,8,
62681,MURPHY,3,BK68,9,
65378,ROCKY ,3,BK68,10,
13228,BUDDY,7,BK69,1,
34260,CHARLIE,6,BK69,2,
69708,OLIVE,5,BK69,3,
11063,EBONY,4,BK69,4,
18091,QUINCY,4,BK69,5,
30424,MAGGIE,4,BK69,6,
21962,BELLA,3,BK69,7,
1593,KING,3,BK69,8,
51536,ROCKY,3,BK69,9,
58443,DINO,3,BK69,10,
52897,COCO,3,BK72,1,
56998,PHEBE,2,BK72,2,
55581,BIGBOIPLUGGER,2,BK72,3,
66107,MILO ,2,BK72,4,
74385,SHADOW,2,BK72,5,
12484,GRACIE ,2,BK72,6,
68902,BELLA,2,BK72,7,
73327,POOCHO,2,BK72,8,
47151,HERSHEY ,2,BK72,9,
39921,SISKA,1,BK72,10,
19707,CHARLIE,16,BK73,1,
75894,STELLA,9,BK73,2,
60756,MAX,8,BK73,3,
68905,LUCY,7,BK73,4,
64289,PENNY,7,BK73,5,
37383,HENRY,7,BK73,6,
6731,LOLA,6,BK73,7,
50318,BOWIE,6,BK73,8,
45294,OLIVE,6,BK73,9,
34227,RILEY,6,BK73,10,
35165,LUCKY,6,BK75,1,
17271,PRINCESS,6,BK75,2,
15564,SHADOW,6,BK75,3,
63777,MILO,5,BK75,4,
65706,MAX,4,BK75,5,
71191,LEO,4,BK75,6,
27362,CHASE,4,BK75,7,
4554,TOBY,4,BK75,8,
45039,LADY,4,BK75,9,
19150,WINSTON,4,BK75,10,
1368,PEPPER,7,BK76,1,
51546,COCO,6,BK76,2,
65949,BELLA,5,BK76,3,
68290,TOBY,4,BK76,4,
60208,MOLLY,4,BK76,5,
42690,OLIVER,4,BK76,6,
78362,SIR ,4,BK76,7,
73412,ZOE,4,BK76,8,
78200,CHARLIE,4,BK76,9,
65626,REX,4,BK76,10,
14850,ZOE,7,BK77,1,
76049,ROCKY,6,BK77,2,
78558,RUBY,5,BK77,3,
150,OSCAR,5,BK77,4,
80482,LUNA,5,BK77,5,
68769,LUCY,5,BK77,6,
6571,LOLA,4,BK77,7,
17982,OREO,4,BK77,8,
58246,COSMO,4,BK77,9,
12254,PRINCESS,4,BK77,10,
1668,LUCKY,9,BK78,1,
34558,BELLA,7,BK78,2,
35308,LOLA,7,BK78,3,
29671,PRINCESS,6,BK78,4,
41197,SNOOPY,6,BK78,5,
52175,RUSTY,5,BK78,6,
58801,MAX,5,BK78,7,
42088,LUNA,5,BK78,8,
9832,COCO,4,BK78,9,
5543,APRIL,4,BK78,10,
61263,MAX,7,BK79,1,
76716,ROCKY,4,BK79,2,
72625,DIAMOND,3,BK79,3,
23129,NONE,3,BK79,4,
63238,PRINCE,3,BK79,5,
23121,DEXTER,3,BK79,6,
80096,COOPER,2,BK79,7,
27118,DEXTER ,2,BK79,8,
58425,BLUEBOY,2,BK79,9,
7101,BEBE,2,BK79,10,
54136,BELLA,7,BK81,1,
35859,PRINCE,4,BK81,2,
70109,COCO,4,BK81,3,
61789,LUCKY,4,BK81,4,
253,TEDDY,3,BK81,5,
25817,BROOKLYN,3,BK81,6,
44425,SHEBA,3,BK81,7,
57081,GINGER ,2,BK81,8,
7809,CASSIDY,2,BK81,9,
3728,RAMBO,2,BK81,10,
35432,BELLA,9,BK82,1,
785,COCO,8,BK82,2,
54676,PRINCE,7,BK82,3,
29722,OREO,7,BK82,4,
36611,BEAR,6,BK82,5,
47385,ROCKY,6,BK82,6,
48091,STORM,5,BK82,7,
33905,PRINCESS ,5,BK82,8,
52682,MAX,5,BK82,9,
20159,PRINCESS,5,BK82,10,
68840,OREO,5,BK83,1,
11233,MAX,5,BK83,2,
5889,ROCKY,5,BK83,3,
77158,BELLA,5,BK83,4,
49386,LUCKY,4,BK83,5,
71484,TYSON,3,BK83,6,
12943,PRINCE,3,BK83,7,
28809,BENJI,3,BK83,8,
9057,LUNA,3,BK83,9,
60056,ROXY,3,BK83,10,
61308,FENDI,2,BK85,1,
2439,KIKO ,2,BK85,2,
73040,DIAMOND ,2,BK85,3,
30230,MAX,2,BK85,4,
29690,STRAW ,2,BK85,5,
39117,BLU,2,BK85,6,
47044,MYA,2,BK85,7,
29362,HONIE,2,BK85,8,
54583,MAGGIE,2,BK85,9,
54999,HAZEL,2,BK85,10,
57946,BELLA,3,BK88,1,
6249,PEANUT,3,BK88,2,
6224,XIAO ,3,BK88,3,
34012,PENNY,3,BK88,4,
25825,ROCKY,3,BK88,5,
42667,PRINCESS,3,BK88,6,
62059,COCO,3,BK88,7,
78112,BELLA ,2,BK88,8,
49538,LOLITA,2,BK88,9,
64681,FLORA ,2,BK88,10,
36963,BELLA,7,BK90,1,
51061,MAX,6,BK90,2,
41857,CHLOE,5,BK90,3,
39405,TOBY,5,BK90,4,
29132,CHARLIE,5,BK90,5,
12568,BROWNIE,5,BK90,6,
19609,GINGER,4,BK90,7,
43117,BROOKLYN,4,BK90,8,
37599,LOLA,4,BK90,9,
58059,LUCY,4,BK90,10,
39201,MAX,4,BK91,1,
38289,DAISY,4,BK91,2,
77892,NONE,4,BK91,3,
53891,BELLA,3,BK91,4,
74267,KING,3,BK91,5,
28568,ROXY ,3,BK91,6,
11540,COOKIE,3,BK91,7,
17531,LOLA ,3,BK91,8,
11471,LUCKY ,3,BK91,9,
12349,SASHA,2,BK91,10,
49287,COCO,3,BK93,1,
6669,PEACHES,3,BK93,2,
21029,TEDDY,3,BK93,3,
41454,CHAGUIRA,2,BK93,4,
41788,KC ,2,BK93,5,
50441,ZOEY,2,BK93,6,
57469,DIOR,2,BK93,7,
18002,MAX,2,BK93,8,
51498,MIDNIGHT,2,BK93,9,
6132,BROOKLYN,2,BK93,10,
12393,STAR,2,BK95,1,
25453,COCO,2,BK95,2,
40468,ALEX,2,BK95,3,
51670,MISSY,2,BK95,4,
33205,GINGER,2,BK95,5,
14422,VALENTINO ,2,BK95,6,
10739,BELLA,2,BK95,7,
21654,SAMSON ,2,BK95,8,
75510,MAXX,2,BK95,9,
71576,PRICE,1,BK95,10,
8636,TEDDY,3,BK96,1,
25553,ROCKY,3,BK96,2,
48265,OREO,3,BK96,3,
42638,PRINCESS,3,BK96,4,
57669,BELLA,3,BK96,5,
54947,HERCULES,2,BK96,6,
70178,LUCKY,2,BK96,7,
22549,BISHOP,2,BK96,8,
48310,COBY,2,BK96,9,
69285,LOKI,2,BK96,10,
54322,SABOU,2,BK99,1,
53248,MOOKIE ,2,BK99,2,
16091,SEBASTIAN,1,BK99,3,
55612,ZIGGY,1,BK99,4,
55102,LEONA,1,BK99,5,
51205,MARK,1,BK99,6,
54186,YEAH,1,BK99,7,
77995,MISHA ,1,BK99,8,
60846,REUBEN,1,BK99,9,
40251,MADISON,1,BK99,10,
63995,PRINCE,5,BX01,1,
12146,PRINCESS,5,BX01,2,
58421,BENJI,4,BX01,3,
39974,LUCKY,4,BX01,4,
3896,BABY,4,BX01,5,
7094,BELLA,3,BX01,6,
60996,MAX,3,BX01,7,
50135,LADY,3,BX01,8,
70143,RUSTY,3,BX01,9,
52702,ONYX,2,BX01,10,
77242,SNOOPY,4,BX03,1,
10778,ROSIE,3,BX03,2,
13263,PRINCESS,3,BX03,3,
58118,PATCHES,3,BX03,4,
6185,TOBY,3,BX03,5,
18350,SEVEN,2,BX03,6,
16648,MR. ,2,BX03,7,
40733,FITA,2,BX03,8,
43131,BUSTER,2,BX03,9,
53320,TOOTSIE,2,BX03,10,
76549,OREO,10,BX05,1,
66984,TOBY,4,BX05,2,
74713,PRINCESS,4,BX05,3,
52292,RILEY,4,BX05,4,
26032,LUCKY ,3,BX05,5,
18678,ROCKY,3,BX05,6,
62802,BABY,3,BX05,7,
24553,ZOE ,3,BX05,8,
34511,RUBY ,3,BX05,9,
26113,COOKIE,3,BX05,10,
48570,MAX,4,BX06,1,
24983,LOLA,4,BX06,2,
3806,ZEUS,3,BX06,3,
842,BELLA ,3,BX06,4,
34430,ROCKY ,3,BX06,5,
24040,REX,2,BX06,6,
75537,PEPE,2,BX06,7,
24483,TEXAS,2,BX06,8,
77255,MARLEY ,2,BX06,9,
21577,TOBY,2,BX06,10,
25006,PRINCESS,4,BX07,1,
9096,MAX ,4,BX07,2,
25207,MR. ,3,BX07,3,
28587,TAINA,3,BX07,4,
53192,LONDON,3,BX07,5,
40123,BELLA,3,BX07,6,
36754,NOAH ,3,BX07,7,
47585,LUNA,3,BX07,8,
30845,DUTCHES,2,BX07,9,
45497,JOEY ,2,BX07,10,
21571,MAX,6,BX08,1,
30998,CHLOE,4,BX08,2,
79256,LUCKY,4,BX08,3,
61803,GIZMO,3,BX08,4,
25739,KING ,3,BX08,5,
15527,CHARLIE ,3,BX08,6,
60873,PRINCE ,3,BX08,7,
20434,TEDDY ,3,BX08,8,
39617,RUBY,3,BX08,9,
47724,SNOOP,2,BX08,10,
14432,BELLA,7,BX09,1,
78493,MAX,7,BX09,2,
29289,COCO,7,BX09,3,
20670,BUDDY,7,BX09,4,
63063,ROCKY,7,BX09,5,
22105,LUCKY,6,BX09,6,
3367,COCO ,6,BX09,7,
60552,NENA,6,BX09,8,
76734,PRINCE,6,BX09,9,
13863,LOLA,6,BX09,10,
8018,BELLA,7,BX10,1,
19323,COCO ,6,BX10,2,
64214,DAISY,6,BX10,3,
33847,COCO,5,BX10,4,
76081,LUNA,5,BX10,5,
29163,HOLLY,5,BX10,6,
25981,BAILEY,5,BX10,7,
3186,FRANKIE,4,BX10,8,
26405,ROXY,4,BX10,9,
39347,SKYE,4,BX10,10,
69755,MAX,4,BX13,1,
2760,LOLA,4,BX13,2,
12411,HONEY,3,BX13,3,
53698,RAMBO,2,BX13,4,
59553,LADDIE,2,BX13,5,
55370,LINDSEY ,2,BX13,6,
37929,COCO,2,BX13,7,
7029,LAYLA,2,BX13,8,
45396,DUKE ,2,BX13,9,
5893,ZOLA,2,BX13,10,
76892,BELLA,4,BX14,1,
61896,PRINCESS,4,BX14,2,
63304,BRUNO,4,BX14,3,
32999,LOLA ,3,BX14,4,
58596,MIDNIGHT,3,BX14,5,
60446,BAILEY,3,BX14,6,
36743,ZOEY ,3,BX14,7,
49134,LUCKY,3,BX14,8,
10951,MAX,3,BX14,9,
1684,CHLOE,3,BX14,10,
48587,BELLA,7,BX17,1,
17190,TEDDY,3,BX17,2,
39261,ROCKY,3,BX17,3,
49813,BEAR,3,BX17,4,
36601,NENA,3,BX17,5,
54332,SHADOW,3,BX17,6,
53483,PRINCESS,3,BX17,7,
78192,MAX ,3,BX17,8,
61389,MUNECO,2,BX17,9,
24155,NOEL,2,BX17,10,
69457,LUCY,10,BX22,1,
38397,LUCKY,8,BX22,2,
13059,ROSIE,6,BX22,3,
5549,BELLA,6,BX22,4,
17849,CHARLIE,5,BX22,5,
6129,LOLA,5,BX22,6,
29386,JACK,4,BX22,7,
49758,SASHA,4,BX22,8,
24550,DEXTER,4,BX22,9,
64892,PENNY,4,BX22,10,
17368,OREO,4,BX26,1,
5207,TOBY,4,BX26,2,
18053,ROCKY ,3,BX26,3,
184,PRINCIP ,2,BX26,4,
2329,DUTCHES,2,BX26,5,
76010,MISHA,2,BX26,6,
50487,YOYO,2,BX26,7,
76506,MARIA ,2,BX26,8,
6335,LENNY ,2,BX26,9,
61973,PRINCE,2,BX26,10,
69695,TOBY,6,BX27,1,
72051,PRINCESS,5,BX27,2,
65100,BABY,4,BX27,3,
12308,DIAMOND,4,BX27,4,
18469,RUBY,3,BX27,5,
2447,TEDDY ,2,BX27,6,
65045,REBECCA,2,BX27,7,
80001,CHARLIE,2,BX27,8,
5947,LOLLY,2,BX27,9,
26268,LASSIE,2,BX27,10,
45977,BELLA,5,BX28,1,
37782,ROCKY,5,BX28,2,
22354,MAX,5,BX28,3,
55977,ROCKY ,4,BX28,4,
58163,CHARLIE,4,BX28,5,
38426,LUNA,4,BX28,6,
45176,BANDIT,3,BX28,7,
8780,CASEY ,3,BX28,8,
69131,ROXY,3,BX28,9,
30403,CHLOE,3,BX28,10,
10619,BELLA,8,BX29,1,
9347,SOPHIE,7,BX29,2,
63628,LUNA,6,BX29,3,
74633,MILO,5,BX29,4,
77768,MAX,5,BX29,5,
17225,OSCAR,5,BX29,6,
2656,CHARLIE,4,BX29,7,
11119,LOLA,4,BX29,8,
28605,RILEY,4,BX29,9,
5579,MIA,4,BX29,10,
27617,MAX,5,BX30,1,
40576,BELLA,3,BX30,2,
29430,PRINCE,3,BX30,3,
45565,KALI,2,BX30,4,
24071,NIKO,2,BX30,5,
80061,ROCKO,2,BX30,6,
55608,MIA,2,BX30,7,
57148,ACE ,2,BX30,8,
38331,MOMA,2,BX30,9,
12747,MILEY ,2,BX30,10,
53143,SPARKY,5,BX31,1,
62725,MAX,4,BX31,2,
31199,COCO,4,BX31,3,
77550,ROCKY,4,BX31,4,
29325,JACK,4,BX31,5,
19667,OREO,3,BX31,6,
77864,STELLA,3,BX31,7,
5402,ANGEL ,3,BX31,8,
35991,LILLY,3,BX31,9,
2419,TYSON,3,BX31,10,
28598,BELLA,7,BX33,1,
16280,BENJI ,3,BX33,2,
47693,MILO,3,BX33,3,
36849,OREO,2,BX33,4,
38473,ZENA ,2,BX33,5,
67153,GIGI,2,BX33,6,
41037,NOBLE,2,BX33,7,
932,CODY ,2,BX33,8,
6687,BELLA ,2,BX33,9,
56203,FLUFFY,2,BX33,10,
31167,ROCKY,7,BX34,1,
26365,MAX,6,BX34,2,
74558,LUCKY,4,BX34,3,
50210,PRINCESS ,4,BX34,4,
56922,PRINCESS,4,BX34,5,
47403,ABBOTT,3,BX34,6,
56912,MIA,3,BX34,7,
77575,COCO,3,BX34,8,
17257,CLIFFORD ,3,BX34,9,
58090,BRUNO,3,BX34,10,
49184,PRINCESS,7,BX35,1,
332,TEDDY,4,BX35,2,
55617,MICKEY,4,BX35,3,
35931,PRINCE,4,BX35,4,
21493,LUNA,3,BX35,5,
21198,SNOOPY,3,BX35,6,
54841,LOLA,3,BX35,7,
29862,BENTLEY,2,BX35,8,
71692,BELLA ,2,BX35,9,
31592,RUSTY,2,BX35,10,
9162,MAX ,4,BX36,1,
40087,BELLA,4,BX36,2,
59606,KING ,4,BX36,3,
24919,MIA,3,BX36,4,
4335,COCO,3,BX36,5,
7211,LUCKY,3,BX36,6,
31891,BLACKIE,3,BX36,7,
31528,LAYLA,2,BX36,8,
42061,WEDNESDAY,2,BX36,9,
46787,KOKO,2,BX36,10,
14681,BUDDY,7,BX37,1,
20578,BELLA,6,BX37,2,
12986,LUCKY,5,BX37,3,
52705,ROCKY,5,BX37,4,
46028,TEDDY ,5,BX37,5,
35635,PRINCESS,4,BX37,6,
71638,PEPE,4,BX37,7,
4510,BELLA ,4,BX37,8,
20296,PRESLEY,3,BX37,9,
47366,MAX,3,BX37,10,
10338,MAX,10,BX39,1,
62475,PRINCESS,10,BX39,2,
49801,LUCKY,8,BX39,3,
77485,BELLA,7,BX39,4,
41914,COCO,6,BX39,5,
38412,LUCKY ,5,BX39,6,
74883,PRINCESS ,5,BX39,7,
7680,NENA,4,BX39,8,
70314,CHARLIE,4,BX39,9,
4981,ROCKY,4,BX39,10,
27613,CHLOE ,3,BX40,1,
59763,DIAMOND,2,BX40,2,
22810,MAGIC,2,BX40,3,
38603,SAM ,2,BX40,4,
1739,BAILEY,2,BX40,5,
56905,BRONX ,2,BX40,6,
63998,MAYA,2,BX40,7,
72729,SASHA ,2,BX40,8,
788,JACK,2,BX40,9,
59944,TITO,2,BX40,10,
15877,BE-BOP,3,BX41,1,
20856,TEDDY,3,BX41,2,
77226,BLACKIE,3,BX41,3,
58412,GIZMO,3,BX41,4,
40783,BUDDY,2,BX41,5,
13051,CHESTER,2,BX41,6,
44449,MAX ,2,BX41,7,
69740,JORDAN,2,BX41,8,
70039,PRINCESS,2,BX41,9,
20471,BENJI,2,BX41,10,
79165,MAX,5,BX43,1,
39073,GIZMO,4,BX43,2,
48784,MIA ,4,BX43,3,
13843,BELLA,4,BX43,4,
32478,MEEKO,3,BX43,5,
42370,AMY ,3,BX43,6,
8804,PRINCESS,3,BX43,7,
29883,COCO,3,BX43,8,
35747,BROWNIE,3,BX43,9,
645,OREO,3,BX43,10,
38657,MAX,8,BX44,1,
23810,ROCKY,5,BX44,2,
70331,COCO,4,BX44,3,
61172,BUDDY,4,BX44,4,
63424,MAGNUM,2,BX44,5,
11167,KHLOE,2,BX44,6,
9134,DAISY ,2,BX44,7,
75230,JOE-JOE,2,BX44,8,
74131,DYLAN ,2,BX44,9,
54285,REX,2,BX44,10,
51982,CHARLIE,4,BX46,1,
66401,CHEWY,4,BX46,2,
39638,PRECIOUS,4,BX46,3,
44254,BELLA,3,BX46,4,
69208,GIZMO,3,BX46,5,
37975,BLU,3,BX46,6,
46553,OLIVER ,3,BX46,7,
80266,COCO,3,BX46,8,
28797,TINO,2,BX46,9,
6667,BUDDY ,2,BX46,10,
27877,LOLA,7,BX49,1,
15694,LUCKY,5,BX49,2,
44482,MAX,4,BX49,3,
26435,TOBY,4,BX49,4,
74285,LEXI,4,BX49,5,
34488,TACO,4,BX49,6,
49596,CHESTER,4,BX49,7,
55122,DIVA ,3,BX49,8,
32251,SOPHIE,3,BX49,9,
47536,MILO,3,BX49,10,
53728,MAX,11,BX52,1,
49016,ROCKY,11,BX52,2,
39684,BELLA,8,BX52,3,
38319,BEAR,7,BX52,4,
26675,CHARLIE,6,BX52,5,
29596,ROCKY ,6,BX52,6,
4725,COCO,6,BX52,7,
69794,RAMBO,6,BX52,8,
10270,BROWNIE,5,BX52,9,
68583,LULU,5,BX52,10,
54343,BELLA,7,BX55,1,
49375,PRINCESS,5,BX55,2,
29445,PRECIOUS,4,BX55,3,
23562,ROCKY,4,BX55,4,
52062,TOBY,3,BX55,5,
11037,LUCKY ,3,BX55,6,
10960,COOKIE,3,BX55,7,
71575,BELLA ,3,BX55,8,
70605,JACK,3,BX55,9,
80180,PRINCE ,3,BX55,10,
69202,MAX,7,BX59,1,
42067,LADY,5,BX59,2,
31909,LUCKY,5,BX59,3,
74024,ROCKY,5,BX59,4,
50477,TEDDY,4,BX59,5,
72096,LUNA,4,BX59,6,
4022,BELLA,3,BX59,7,
7138,BABY,3,BX59,8,
70102,DAISY,3,BX59,9,
31395,BUDDY,3,BX59,10,
51485,PRINCESS,5,BX62,1,
37169,ROCKY,5,BX62,2,
13477,SPARKY,4,BX62,3,
21658,MAX,3,BX62,4,
58836,CHARLIE,3,BX62,5,
9997,SASHA,3,BX62,6,
23856,JAKE,2,BX62,7,
45865,LOLA,2,BX62,8,
24724,PRINCE,2,BX62,9,
39275,DUKE,2,BX62,10,
16037,KING ,4,BX63,1,
16700,DIESEL,3,BX63,2,
7246,ROCKY,3,BX63,3,
25589,RAMBO,3,BX63,4,
65995,ROCKY ,3,BX63,5,
11971,MAX,3,BX63,6,
52741,RUFI,2,BX63,7,
71702,ROSCOE ,2,BX63,8,
30473,DUSTY,2,BX63,9,
52406,GIZMO,2,BX63,10,
9723,SOPHIE,3,BX75,1,
36379,LITTLE ,2,BX75,2,
14763,TAZ ,2,BX75,3,
40001,BEBA,2,BX75,4,
76925,MAX,2,BX75,5,
10989,BELLA,2,BX75,6,
23718,LUCKY,2,BX75,7,
22695,LOKI,2,BX75,8,
57825,MAXIMUS,2,BX75,9,
8035,ROMEO ,2,BX75,10,
67770,ROXY ,1,BX99,1,
61962,BRONX,1,BX99,2,
71875,HAWK,1,BX99,3,
35686,CHI,1,BX99,4,
10618,TRIXIE,1,BX99,5,
12242,LUCY,8,MN01,1,
17658,DAISY,8,MN01,2,
73699,BELLA,7,MN01,3,
41014,LUCKY,7,MN01,4,
661,LUNA,6,MN01,5,
61586,CHARLIE,5,MN01,6,
1257,RUBY,5,MN01,7,
42903,MAX ,5,MN01,8,
32688,CODY,4,MN01,9,
68740,PRINCESS,4,MN01,10,
47621,LOLA,6,MN03,1,
20820,MAX,6,MN03,2,
61610,OLIVER,6,MN03,3,
51565,SHADOW,6,MN03,4,
73028,COCO,6,MN03,5,
47004,BELLA,5,MN03,6,
7866,SASHA,5,MN03,7,
18541,BENJI,5,MN03,8,
36308,ROCKY,5,MN03,9,
68587,JACK,4,MN03,10,
23328,BELLA,7,MN04,1,
41930,LUCY,6,MN04,2,
24511,PENELOPE,5,MN04,3,
38315,PRINCESS,4,MN04,4,
23827,LOLA,4,MN04,5,
1558,JACK,4,MN04,6,
32811,FRED,3,MN04,7,
50945,LUNA,3,MN04,8,
73667,ACE,3,MN04,9,
47202,PENNY,3,MN04,10,
17395,MAX,3,MN06,1,
2639,LUNA,3,MN06,2,
23910,TOBY ,2,MN06,3,
55282,BELLA ,2,MN06,4,
73803,PERL,2,MN06,5,
78842,BABY,2,MN06,6,
19435,CUDDLES ,2,MN06,7,
3703,KOKO,2,MN06,8,
4493,RUBY,2,MN06,9,
24203,PAPO,2,MN06,10,
8332,LUCY,9,MN09,1,
48903,JACK,8,MN09,2,
3612,PENNY,8,MN09,3,
69958,TOBY,7,MN09,4,
80288,CHARLIE,7,MN09,5,
60647,OSCAR,7,MN09,6,
67382,LOLA,7,MN09,7,
44673,LILY,6,MN09,8,
40696,OLIVER,6,MN09,9,
15547,ROCKY,6,MN09,10,
6938,LEO,7,MN11,1,
19657,LUCY,7,MN11,2,
30219,TEDDY,6,MN11,3,
68660,CHARLIE,6,MN11,4,
65324,SOPHIE,5,MN11,5,
71928,OSCAR,5,MN11,6,
7133,MACHO,5,MN11,7,
11758,ROMEO,4,MN11,8,
52186,OLIVER,4,MN11,9,
49378,BUDDY,4,MN11,10,
11107,LUCY,41,MN12,1,
62956,CHARLIE,37,MN12,2,
74638,LOLA,36,MN12,3,
18115,MAX,32,MN12,4,
64027,MAGGIE,30,MN12,5,
40560,MOLLY,28,MN12,6,
54448,SADIE,26,MN12,7,
40710,BUDDY,26,MN12,8,
19098,DAISY,25,MN12,9,
20817,TEDDY,25,MN12,10,
38068,BELLA,22,MN13,1,
38702,LOLA,21,MN13,2,
25728,CHARLIE,19,MN13,3,
46483,COOPER,18,MN13,4,
14532,OLIVER,18,MN13,5,
3172,COCO,15,MN13,6,
57266,LUCY,15,MN13,7,
53751,DAISY,14,MN13,8,
10877,LILY,14,MN13,9,
50336,STELLA,13,MN13,10,
6552,LOLA,18,MN14,1,
20722,OLIVER,18,MN14,2,
66382,GRACIE,16,MN14,3,
19578,CHARLIE,16,MN14,4,
60586,MAX,15,MN14,5,
34048,RILEY,11,MN14,6,
32080,COCO,11,MN14,7,
24035,ANNIE,10,MN14,8,
29210,BAILEY,10,MN14,9,
56492,LULU,10,MN14,10,
36801,LUCY,18,MN15,1,
34896,MAX,14,MN15,2,
67486,BUDDY,14,MN15,3,
45615,CHARLIE,13,MN15,4,
76344,BAILEY,12,MN15,5,
33871,DAISY,12,MN15,6,
42126,SOPHIE,11,MN15,7,
26134,COOPER,11,MN15,8,
36810,MILO,11,MN15,9,
59190,LOLA,11,MN15,10,
78241,OLIVER,9,MN17,1,
42742,CHARLIE,9,MN17,2,
54335,LOLA,9,MN17,3,
31526,LUCY,8,MN17,4,
53664,BEAR,7,MN17,5,
38322,TUCKER,6,MN17,6,
69281,COCO,6,MN17,7,
22293,LUNA,5,MN17,8,
56132,LAYLA,5,MN17,9,
72458,BIANCA,4,MN17,10,
15645,BELLA,16,MN19,1,
4283,SOPHIE,14,MN19,2,
7699,CHARLIE,14,MN19,3,
16203,LOLA,12,MN19,4,
32609,OLIVER,11,MN19,5,
38470,BAILEY,10,MN19,6,
68833,COOPER,9,MN19,7,
79725,LUCY,9,MN19,8,
72755,MAX,9,MN19,9,
12194,OSCAR,9,MN19,10,
11620,COCO,13,MN20,1,
39965,CHARLIE,12,MN20,2,
27026,LOLA,9,MN20,3,
79199,TEDDY,8,MN20,4,
48702,LUCY,8,MN20,5,
7566,BELLA ,8,MN20,6,
27683,BELLA,8,MN20,7,
42231,DAISY,7,MN20,8,
35269,ZOE,6,MN20,9,
494,OLIVER,5,MN20,10,
51490,BELLA,8,MN21,1,
50246,SOPHIE,8,MN21,2,
22962,COOPER,7,MN21,3,
43754,CHARLIE,6,MN21,4,
50915,LOLA,6,MN21,5,
21629,STELLA,5,MN21,6,
36788,MAX,5,MN21,7,
24514,RUBY,5,MN21,8,
34872,LUCY,5,MN21,9,
75466,JACK,5,MN21,10,
19739,LOLA,7,MN22,1,
76208,LUCY,7,MN22,2,
67090,LUNA,7,MN22,3,
76199,MILO,6,MN22,4,
74310,MAX,6,MN22,5,
66490,RUBY,5,MN22,6,
68602,DELILAH,5,MN22,7,
32502,LILY,5,MN22,8,
35356,JACK,5,MN22,9,
6197,MR. ,5,MN22,10,
56296,CHARLIE,30,MN23,1,
24224,MAX,21,MN23,2,
48398,LOLA,19,MN23,3,
78917,HENRY,17,MN23,4,
39367,STELLA,17,MN23,5,
23294,DAISY,14,MN23,6,
61071,LILY,13,MN23,7,
39941,LEO,13,MN23,8,
27383,LUCY,13,MN23,9,
44408,OSCAR,12,MN23,10,
69732,MOLLY,10,MN24,1,
46346,GEORGE,9,MN24,2,
56552,BELLA,9,MN24,3,
26638,STELLA,9,MN24,4,
48768,CHARLIE,9,MN24,5,
28005,COOPER,8,MN24,6,
56053,LOLA,8,MN24,7,
51773,OSCAR,7,MN24,8,
60903,COCO,7,MN24,9,
76087,GUS,6,MN24,10,
34663,OLIVER,15,MN25,1,
18639,BELLA,11,MN25,2,
5690,CHARLIE,11,MN25,3,
36938,ZOEY,10,MN25,4,
35510,BAILEY,10,MN25,5,
77579,LUCY,10,MN25,6,
65577,COOPER,9,MN25,7,
66633,LUNA,9,MN25,8,
13873,OSCAR,9,MN25,9,
17974,LOLA,9,MN25,10,
55927,LUCKY,5,MN27,1,
53968,COCO,5,MN27,2,
68932,LOLA,4,MN27,3,
43242,LITTLE ,4,MN27,4,
65787,TOBY,4,MN27,5,
70775,MOMO,4,MN27,6,
61539,BABY,3,MN27,7,
70959,ZOE,3,MN27,8,
4465,MAX,3,MN27,9,
75638,CHARLIE,3,MN27,10,
61459,BELLA,11,MN28,1,
6241,MAX,10,MN28,2,
76685,PRINCESS,10,MN28,3,
46832,GIZMO,8,MN28,4,
63927,TOBY,7,MN28,5,
6066,FAITH,5,MN28,6,
30151,LOLA ,5,MN28,7,
23509,LADY,5,MN28,8,
56052,COCO,5,MN28,9,
35224,TEDDY,5,MN28,10,
25758,LOLA,16,MN31,1,
10418,COCO,16,MN31,2,
1635,OLIVER,14,MN31,3,
3046,LILY,14,MN31,4,
7588,BAILEY,14,MN31,5,
41893,MAX,13,MN31,6,
56934,STELLA,13,MN31,7,
50040,LUCY,13,MN31,8,
26421,BELLA,12,MN31,9,
38675,CHARLIE,12,MN31,10,
44667,CHARLIE,24,MN32,1,
33326,LUCY,17,MN32,2,
75344,BAILEY,17,MN32,3,
51837,BELLA,16,MN32,4,
73106,JACK,14,MN32,5,
67466,COCO,13,MN32,6,
37482,DAISY,13,MN32,7,
26938,CHLOE,12,MN32,8,
64077,BUDDY,12,MN32,9,
2125,CHARLIE ,12,MN32,10,
54187,MAX,13,MN33,1,
38252,LOLA,11,MN33,2,
5969,LUCKY,10,MN33,3,
23743,PRINCESS,10,MN33,4,
38840,BELLA,9,MN33,5,
57393,LUCY,9,MN33,6,
3063,COCO,7,MN33,7,
43738,PRECIOUS,7,MN33,8,
30270,COCO ,7,MN33,9,
14254,OLIVER,6,MN33,10,
53321,GIZMO,9,MN34,1,
13103,MAX,8,MN34,2,
68656,COCO ,8,MN34,3,
65159,PRINCESS,6,MN34,4,
33666,ANGEL,6,MN34,5,
7131,LUNA,6,MN34,6,
49414,MAX ,6,MN34,7,
65170,MIA,5,MN34,8,
65752,OREO,5,MN34,9,
80304,BELLA,5,MN34,10,
39700,LUCY,7,MN35,1,
56251,LOLA,7,MN35,2,
32817,MAX,6,MN35,3,
20592,CHLOE,6,MN35,4,
44416,SOPHIE,6,MN35,5,
58352,TOBY,6,MN35,6,
64170,RILEY,5,MN35,7,
10224,JASPER,5,MN35,8,
27033,LEO,5,MN35,9,
28948,COOPER,5,MN35,10,
76286,ROCKY,9,MN36,1,
11343,PRINCESS,7,MN36,2,
9389,TOBY,7,MN36,3,
6273,BELLA,6,MN36,4,
24649,LILY,6,MN36,5,
53975,BOOMER,5,MN36,6,
59218,BENJI,5,MN36,7,
68349,MILO,5,MN36,8,
66143,GRACIE,4,MN36,9,
5096,BEAR,4,MN36,10,
44937,LUCY,30,MN40,1,
15474,COCO,19,MN40,2,
21227,BELLA,18,MN40,3,
20743,LOLA,17,MN40,4,
33711,CHARLIE,17,MN40,5,
75343,TEDDY,15,MN40,6,
46785,MAX,13,MN40,7,
45886,DAISY,13,MN40,8,
53076,COOPER,11,MN40,9,
20456,SCOUT,11,MN40,10,
38254,CHARLIE,15,MN50,1,
49473,LUCY,12,MN50,2,
25234,BELLA,11,MN50,3,
8747,BAILEY,10,MN50,4,
41038,DAISY,10,MN50,5,
57677,STELLA,9,MN50,6,
69727,CODY,9,MN50,7,
59043,COOPER,8,MN50,8,
19530,MOLLY,8,MN50,9,
44160,PENNY,7,MN50,10,
36538,BUBBLES,1,MN99,1,
19324,PRECIOUS,3,QN01,1,
29778,BUSTER,3,QN01,2,
64510,BELLA,3,QN01,3,
19978,DIAMOND,3,QN01,4,
41478,ZEUS ,2,QN01,5,
56110,ROCKO,2,QN01,6,
20470,BJ,2,QN01,7,
59984,COCO,2,QN01,8,
25181,LEYA,2,QN01,9,
46281,SYBIL,2,QN01,10,
34604,PUNKIE,3,QN02,1,
41072,RILEY,2,QN02,2,
63409,PRINCESS,2,QN02,3,
22216,BOOMER,2,QN02,4,
54779,CHI,2,QN02,5,
57577,BELLA ,2,QN02,6,
24582,TIKI ,2,QN02,7,
35340,MARCUS,2,QN02,8,
71167,SMITH,2,QN02,9,
66721,TAFFY,2,QN02,10,
71668,SHEBA,2,QN03,1,
11764,NEGRO ,2,QN03,2,
8161,JULIE,2,QN03,3,
52848,MADISON,2,QN03,4,
43012,GINGER,1,QN03,5,
30369,BENNY,1,QN03,6,
28348,DUKE ,1,QN03,7,
77386,SHADOW,1,QN03,8,
50789,MAX ,1,QN03,9,
41623,IVY,1,QN03,10,
50410,SNOOPY ,2,QN05,1,
49156,KINGSTON,2,QN05,2,
50763,DAISY,2,QN05,3,
2619,RILEY,2,QN05,4,
47086,TENESSEE,2,QN05,5,
8766,DIAMOND ,2,QN05,6,
38986,MINDY,2,QN05,7,
52965,MADJI,2,QN05,8,
28562,CHARLIE,2,QN05,9,
21368,DANE,2,QN05,10,
39285,SAM ,3,QN06,1,
38076,PRINCESS,3,QN06,2,
8642,LOUIE,3,QN06,3,
42152,LUCY,3,QN06,4,
30571,SEBASTIAN,3,QN06,5,
80007,POOCHIE,3,QN06,6,
32558,LIL ,2,QN06,7,
46836,PENNY,2,QN06,8,
36650,BRUNO,2,QN06,9,
18339,COCO,2,QN06,10,
7860,REESE ,2,QN07,1,
4984,CONAN ,2,QN07,2,
25176,GABBY,2,QN07,3,
56662,BELLA,2,QN07,4,
79472,DUCHESS ,2,QN07,5,
64907,ELLIE ,2,QN07,6,
64495,KLAUS,2,QN07,7,
76666,SNOWFLAKE,2,QN07,8,
57643,JERICHO,2,QN07,9,
2771,RIOT,1,QN07,10,
71044,BELLA ,5,QN08,1,
3206,LULU,3,QN08,2,
35922,PETEY ,3,QN08,3,
31374,MILO,3,QN08,4,
56840,BABY,3,QN08,5,
38478,POLO,3,QN08,6,
18258,MAXIMUS,3,QN08,7,
53750,MAUI,2,QN08,8,
78481,CHANCE ,2,QN08,9,
21708,XENA,2,QN08,10,
72512,DAISY,7,QN10,1,
29066,LUCKY,6,QN10,2,
28433,MOLLY,6,QN10,3,
12172,BAILEY ,5,QN10,4,
40381,BAILEY,5,QN10,5,
71486,MAX,4,QN10,6,
16361,BELLA,4,QN10,7,
55863,MAYA,4,QN10,8,
1343,PRINCESS,3,QN10,9,
8143,FRED,3,QN10,10,
49567,LUCKY,6,QN12,1,
58818,BELLA ,4,QN12,2,
33459,EMMA,4,QN12,3,
59933,GINGER,3,QN12,4,
30807,MINNIE,3,QN12,5,
28575,BENJI,3,QN12,6,
68933,OREO,3,QN12,7,
51890,CHASE,3,QN12,8,
60184,ROXY,3,QN12,9,
12779,SCRAPPY,3,QN12,10,
21600,CHARLIE,4,QN15,1,
58900,MAX,4,QN15,2,
29530,PRINCESS,3,QN15,3,
39,BIG ,2,QN15,4,
50708,NIKO,2,QN15,5,
74714,NICKY,2,QN15,6,
9113,ERNIE ,2,QN15,7,
29513,SOFIE,2,QN15,8,
33325,SNOOP,2,QN15,9,
34347,REX,2,QN15,10,
45019,CHARLIE,14,QN17,1,
79923,LILY,12,QN17,2,
35513,MAX,11,QN17,3,
26814,NOT ,9,QN17,4,
12543,COOKIE,8,QN17,5,
65483,LUCKY,8,QN17,6,
20682,ROCKY,8,QN17,7,
35985,PEPPER,8,QN17,8,
25121,LUNA,8,QN17,9,
27203,CHLOE,7,QN17,10,
17829,COCO,6,QN18,1,
58264,NOT ,5,QN18,2,
23424,BELLA,4,QN18,3,
22720,LOLA,4,QN18,4,
76430,SPARKY,3,QN18,5,
62324,COOKIE,3,QN18,6,
13480,HENRY,3,QN18,7,
67082,MISS ,3,QN18,8,
56782,MAGGIE ,3,QN18,9,
19334,BOBO,3,QN18,10,
12889,BELLA,10,QN19,1,
65308,ROCKY,8,QN19,2,
42105,TEDDY,7,QN19,3,
20528,LUCKY,7,QN19,4,
80101,MAX,6,QN19,5,
22237,BUDDY,6,QN19,6,
13519,LOLA,6,QN19,7,
22441,MOLLY,6,QN19,8,
31195,BAILEY,6,QN19,9,
5411,ROSIE,5,QN19,10,
35042,MAX,10,QN20,1,
65637,LUCKY,9,QN20,2,
58696,LOLA,7,QN20,3,
23491,SPIKEY,6,QN20,4,
58029,BELLA,6,QN20,5,
41900,BRUNO,6,QN20,6,
78023,BELLA ,6,QN20,7,
29739,ROCKY,5,QN20,8,
17435,COOKIE,5,QN20,9,
51877,LAYLA,4,QN20,10,
11776,BELLA,17,QN21,1,
23819,MOLLY,11,QN21,2,
61620,ROCKY,11,QN21,3,
76428,MAX,10,QN21,4,
4024,CHARLIE,9,QN21,5,
73247,LUCY,8,QN21,6,
24468,LUCKY,7,QN21,7,
53541,COOKIE,7,QN21,8,
72,MAGGIE,6,QN21,9,
69103,MAGGIE ,6,QN21,10,
14215,ROCKY,5,QN22,1,
33338,DOU ,4,QN22,2,
51906,BUDDY,4,QN22,3,
51428,LUCKY,4,QN22,4,
11155,FLUFFY,3,QN22,5,
33135,ALEX,3,QN22,6,
11058,LUNA,3,QN22,7,
23246,TIGER,3,QN22,8,
35141,XIAO ,3,QN22,9,
1977,LUCY,3,QN22,10,
72314,COOKIE,4,QN23,1,
679,LUCKY,4,QN23,2,
33482,BELLA,4,QN23,3,
51056,NINA,3,QN23,4,
1722,BUDDY,3,QN23,5,
44209,ROCKY,3,QN23,6,
62546,TEDDY,2,QN23,7,
12443,KIMO,2,QN23,8,
40170,ISADORA ,2,QN23,9,
30650,JESSIE,2,QN23,10,
79644,COCO,5,QN25,1,
32490,FLUFFY,5,QN25,2,
59940,PRINCESS,3,QN25,3,
42825,TOBY,3,QN25,4,
52296,TINY,3,QN25,5,
11777,TOBY ,2,QN25,6,
40303,CHLOE,2,QN25,7,
32264,LUNA,2,QN25,8,
2356,LADY,2,QN25,9,
52665,CHARLIE,2,QN25,10,
61382,ROCKY,7,QN26,1,
76846,MAX,6,QN26,2,
27198,COCO,3,QN26,3,
40063,BONNIE,2,QN26,4,
50459,KRIPTO,2,QN26,5,
78574,PRINCE,2,QN26,6,
11528,BELLA,2,QN26,7,
20982,LUCAS,2,QN26,8,
22336,MAX ,2,QN26,9,
32970,MIKE,2,QN26,10,
74098,PRINCESS,4,QN27,1,
35191,PUMPKIN,3,QN27,2,
3847,MAX,3,QN27,3,
74395,CHICO,3,QN27,4,
19291,ROCKY,3,QN27,5,
7004,MILO,2,QN27,6,
2157,PRINCE,2,QN27,7,
13238,SMILEY,2,QN27,8,
25020,ANGEL,2,QN27,9,
24433,SUKO,2,QN27,10,
72153,MAX,15,QN28,1,
15714,BELLA,14,QN28,2,
15112,LOLA,13,QN28,3,
28483,LUCKY,13,QN28,4,
18855,TOBY,11,QN28,5,
68696,LUNA,9,QN28,6,
39656,BELLA ,9,QN28,7,
66877,ROCKY,7,QN28,8,
70508,DAISY,7,QN28,9,
705,PRINCESS,6,QN28,10,
20467,BELLA,12,QN29,1,
47242,MAX,11,QN29,2,
16291,COCO,6,QN29,3,
32964,CHARLIE,4,QN29,4,
37759,SHADOW,4,QN29,5,
65223,LUCKY ,4,QN29,6,
161,ZEUS,4,QN29,7,
44168,MILO,4,QN29,8,
35085,OREO,4,QN29,9,
74859,TEDDY,3,QN29,10,
3302,ROCKY,7,QN30,1,
41212,MOLLY,6,QN30,2,
39876,BUSTER,6,QN30,3,
18781,MAX,6,QN30,4,
50514,JACK,6,QN30,5,
49872,COCO,6,QN30,6,
63328,MAGGIE,4,QN30,7,
45640,APRIL,4,QN30,8,
63152,COCO ,4,QN30,9,
30695,CODY,4,QN30,10,
47097,MAX,18,QN31,1,
45219,LUCY,11,QN31,2,
49959,PENNY,11,QN31,3,
20419,LOLA,9,QN31,4,
34024,CHARLIE,8,QN31,5,
6290,OLIVER,8,QN31,6,
10269,ROCCO,7,QN31,7,
20900,BELLA,7,QN31,8,
51783,ROCKY,7,QN31,9,
53662,LUNA,7,QN31,10,
17964,BELLA,3,QN33,1,
9359,COCO ,3,QN33,2,
70832,ASIA,2,QN33,3,
5070,CHARLIE,2,QN33,4,
39853,MERCEDES ,2,QN33,5,
34013,PRINCE ,2,QN33,6,
1830,DUCHESS,2,QN33,7,
31666,CHELSEA ,2,QN33,8,
28608,BRANDY,2,QN33,9,
74999,MAX,2,QN33,10,
73171,TOBY,6,QN34,1,
44769,BUDDY,6,QN34,2,
25740,RUBY ,4,QN34,3,
70974,BELLA,4,QN34,4,
34718,COOKIE,4,QN34,5,
54913,BELLA ,4,QN34,6,
58722,SAMMY,3,QN34,7,
17107,MAX,3,QN34,8,
45348,SONNY,3,QN34,9,
39717,SPIKE,3,QN34,10,
6879,LUCKY,5,QN35,1,
53766,MAX,5,QN35,2,
39713,BELLA,4,QN35,3,
17484,ROXY,4,QN35,4,
68574,LULU,3,QN35,5,
70407,SIMBA,3,QN35,6,
26656,CHARLIE,3,QN35,7,
5739,BUDDY,3,QN35,8,
39418,REX,3,QN35,9,
45150,NOT ,2,QN35,10,
46015,PRINCE,5,QN37,1,
53382,ROCKY,4,QN37,2,
74829,SIMBA,3,QN37,3,
12406,LUCKY,3,QN37,4,
19310,COCO,3,QN37,5,
10541,MOLLY,3,QN37,6,
70553,LADY ,3,QN37,7,
3166,SUNNY ,2,QN37,8,
20751,BLACKJACK,2,QN37,9,
4609,ZEUS,2,QN37,10,
44644,MAX,6,QN38,1,
59445,ROCKY,5,QN38,2,
12620,COCO,4,QN38,3,
55436,COCOA,3,QN38,4,
26302,TOBY,3,QN38,5,
39869,COCO ,3,QN38,6,
39767,JAX,3,QN38,7,
7962,ROCKET ,2,QN38,8,
60433,LEO,2,QN38,9,
65360,NALA,2,QN38,10,
18567,MOLLIE,5,QN41,1,
30159,MAX,4,QN41,2,
55812,MOMO,3,QN41,3,
43054,BELLA,3,QN41,4,
15174,SPARKY,3,QN41,5,
64747,HOLLY,2,QN41,6,
50937,CHARLIE,2,QN41,7,
44637,FRANKIE ,2,QN41,8,
32433,RUBY,2,QN41,9,
24240,DEE ,2,QN41,10,
50549,COCO,9,QN42,1,
58769,LUCKY,6,QN42,2,
67461,BEAR,5,QN42,3,
66337,BELLA,5,QN42,4,
16466,ROCKY,5,QN42,5,
146,DAISY,4,QN42,6,
1637,MAX,4,QN42,7,
37298,LULU,4,QN42,8,
39996,TEDDY,4,QN42,9,
77740,JAX,3,QN42,10,
62093,TEDDY ,5,QN43,1,
39817,LUCKY,4,QN43,2,
29585,BAILEY,4,QN43,3,
14433,ROSIE,3,QN43,4,
6997,BELLA,3,QN43,5,
10205,SHADOW,3,QN43,6,
20416,QUINCY ,3,QN43,7,
75691,ROCKY,3,QN43,8,
78485,DUKE,3,QN43,9,
60819,TUCKER,3,QN43,10,
35885,GINGER,8,QN44,1,
74892,MAX,7,QN44,2,
18489,BELLA,6,QN44,3,
37232,JACK,6,QN44,4,
2150,SOPHIE,5,QN44,5,
64091,CHLOE,4,QN44,6,
78036,MILO,3,QN44,7,
73369,DAISY,3,QN44,8,
26755,MOLLY,3,QN44,9,
37560,MIDNIGHT,3,QN44,10,
60078,ROCKY,6,QN45,1,
13215,COCO,5,QN45,2,
28019,BELLA,4,QN45,3,
53259,CHLOE,4,QN45,4,
65207,PETEY,4,QN45,5,
33019,PRINCESS,4,QN45,6,
73196,DAISY ,3,QN45,7,
50359,NIGEL,3,QN45,8,
7262,BELLA ,3,QN45,9,
20640,GINGER ,3,QN45,10,
43153,MAX,12,QN46,1,
17584,LUCKY,11,QN46,2,
14091,COCO,10,QN46,3,
30257,BELLA,9,QN46,4,
15658,MOLLY,7,QN46,5,
6253,BAILEY,7,QN46,6,
15151,BUDDY,7,QN46,7,
58597,ROCKY,6,QN46,8,
67536,LADY,6,QN46,9,
22078,CHLOE ,5,QN46,10,
25726,CHLOE,4,QN47,1,
14900,COOKIE,3,QN47,2,
22096,ROCKY,3,QN47,3,
65485,BUDDY,3,QN47,4,
20988,CALLIE,3,QN47,5,
47967,ROSIE,3,QN47,6,
48537,MOLLY ,3,QN47,7,
23786,COOPER,3,QN47,8,
43280,CHARLIE,3,QN47,9,
37556,MAX,3,QN47,10,
1285,LOLA,6,QN48,1,
46792,BUSTER,3,QN48,2,
26317,SAMANTHA,3,QN48,3,
71485,LEO,3,QN48,4,
23519,JACK,3,QN48,5,
52021,STEWIE,3,QN48,6,
2229,ANGEL ,3,QN48,7,
69908,JAKE,3,QN48,8,
4961,MAXI,3,QN48,9,
36799,COCO,3,QN48,10,
52234,COCO,8,QN49,1,
44494,LILY,7,QN49,2,
45,MAX,7,QN49,3,
72932,PRINCESS,6,QN49,4,
54249,RILEY,6,QN49,5,
75308,ZOE,6,QN49,6,
65114,HERCULES,5,QN49,7,
80173,CHARLIE,5,QN49,8,
15358,ROCKY,5,QN49,9,
49413,BAILEY,4,QN49,10,
47891,LUCKY,4,QN50,1,
68471,CHARLIE,4,QN50,2,
50242,BUDDY,3,QN50,3,
46771,CHIKITO,2,QN50,4,
18349,CHIQUITA,2,QN50,5,
75625,BELLA,2,QN50,6,
4319,BROOKLYN,2,QN50,7,
22835,DEENA,2,QN50,8,
60444,BELLA ,2,QN50,9,
12241,MAX,2,QN50,10,
49436,COCO,8,QN51,1,
75594,BELLA,7,QN51,2,
66907,WINSTON,6,QN51,3,
40514,BUDDY,6,QN51,4,
49814,HAPPY,5,QN51,5,
21173,TEDDY,5,QN51,6,
19489,DAISY,4,QN51,7,
70344,PRINCESS,4,QN51,8,
66749,SOPHIE,4,QN51,9,
76603,MICKEY,4,QN51,10,
55291,COOKIE,6,QN52,1,
17580,DORA,4,QN52,2,
125,ROCKY ,3,QN52,3,
39490,BROWNIE,3,QN52,4,
62415,ROCKY,3,QN52,5,
33937,BAILEY,3,QN52,6,
15543,HUNTER,3,QN52,7,
26077,COCO,3,QN52,8,
4762,SHEA,3,QN52,9,
11391,BEAR,3,QN52,10,
14061,MAX,15,QN53,1,
9390,ROCKY,7,QN53,2,
54207,GIZMO,6,QN53,3,
43177,COCO,5,QN53,4,
46732,BUDDY,5,QN53,5,
6739,NENA,4,QN53,6,
45625,LOKI,4,QN53,7,
63172,JORDAN,4,QN53,8,
13096,DAISY,4,QN53,9,
6222,LUNA,4,QN53,10,
47614,MAX,8,QN54,1,
20232,BELLA,7,QN54,2,
65534,COOKIE,5,QN54,3,
14958,BUDDY,5,QN54,4,
52964,LUNA,5,QN54,5,
33176,CHARLIE,5,QN54,6,
68126,BLUE,4,QN54,7,
44553,MILO,4,QN54,8,
15897,COCO,4,QN54,9,
28544,BABY,4,QN54,10,
69967,MAX,10,QN55,1,
2955,BELLA,8,QN55,2,
38967,COCO,5,QN55,3,
75436,ROCKY,5,QN55,4,
10026,CHARLIE,4,QN55,5,
30733,LUCKY,4,QN55,6,
49612,ANGEL,4,QN55,7,
13494,SAM,3,QN55,8,
8069,LEILA,3,QN55,9,
45779,BLUE,3,QN55,10,
65011,MAX,4,QN56,1,
27180,BELLE,4,QN56,2,
37539,MOLLY,4,QN56,3,
38927,ROCCO,3,QN56,4,
7899,BELLA,3,QN56,5,
40743,BLUE,3,QN56,6,
37395,BUDDY,3,QN56,7,
8533,LOLA,3,QN56,8,
15116,CHARLIE,3,QN56,9,
20775,ANNIE,3,QN56,10,
47573,BELLA,7,QN57,1,
78330,BUDDY,5,QN57,2,
68243,BELLA ,5,QN57,3,
54072,BRUNO,5,QN57,4,
9609,LADY,4,QN57,5,
30195,KATIE,4,QN57,6,
69456,BAILEY,4,QN57,7,
49146,ABBY,4,QN57,8,
21745,DAISY,3,QN57,9,
4363,BUDDY ,3,QN57,10,
31995,GIZMO,5,QN60,1,
46019,SAMSON,4,QN60,2,
60077,SASHA,4,QN60,3,
26396,HENRY,4,QN60,4,
60289,CODY,3,QN60,5,
906,MIA,3,QN60,6,
36844,MAVERICK,3,QN60,7,
52446,MAXIMUS,3,QN60,8,
60527,NOT ,3,QN60,9,
68916,LUNA,3,QN60,10,
71297,BROWNIE,4,QN61,1,
67871,LUCKY,3,QN61,2,
27578,LUNA,2,QN61,3,
20680,CHARLES ,2,QN61,4,
45207,MIA,2,QN61,5,
63796,DANGLES,2,QN61,6,
30136,WESTON,2,QN61,7,
15515,BELLO,2,QN61,8,
12297,NENE,2,QN61,9,
48014,BLONDIE,2,QN61,10,
16205,BRUNO,4,QN62,1,
30593,BUDDY,3,QN62,2,
19857,PRINCESS,3,QN62,3,
34462,MAX ,3,QN62,4,
68140,MAX,3,QN62,5,
15041,BUBBA,3,QN62,6,
47245,SATO,3,QN62,7,
35137,CHIPPER,2,QN62,8,
73510,ROCKY,2,QN62,9,
44099,HACHI,2,QN62,10,
43460,MAX,7,QN63,1,
64378,BUSTER,4,QN63,2,
29950,BELLA,4,QN63,3,
1561,SAMMY,4,QN63,4,
29202,LOLA,4,QN63,5,
15471,BUDDY,3,QN63,6,
57809,BOSCO,3,QN63,7,
48139,ISHA ,3,QN63,8,
2596,OLIVER,3,QN63,9,
21388,PAYAL,3,QN63,10,
37682,REX,3,QN66,1,
50844,MAX,3,QN66,2,
79201,ROXIE ,2,QN66,3,
80020,GWEN ,2,QN66,4,
67567,RAMBO,2,QN66,5,
10085,OLIVER,2,QN66,6,
53851,PRINCE,2,QN66,7,
52235,TEDDY ,2,QN66,8,
60099,RUSTY,2,QN66,9,
22233,MIA,2,QN66,10,
53670,ROCKY,4,QN68,1,
48952,MAX,3,QN68,2,
69939,BUSTER,3,QN68,3,
39403,PRINCESS,3,QN68,4,
24123,BELLA,2,QN68,5,
59903,NOT ,2,QN68,6,
55518,TITAN,2,QN68,7,
23380,MOOCHIE ,2,QN68,8,
63079,KANE ,2,QN68,9,
67892,JAZZY ,2,QN68,10,
54755,CHARLIE,10,QN70,1,
12089,CHARLIE ,9,QN70,2,
77600,COCO,9,QN70,3,
31451,STELLA,8,QN70,4,
56965,PRINCESS,7,QN70,5,
2703,SASHA,6,QN70,6,
64127,BELLA ,6,QN70,7,
42499,LOLA,6,QN70,8,
65368,BAILEY,5,QN70,9,
41811,BELLA,5,QN70,10,
26936,BUDDY,5,QN71,1,
69460,ROCKY,5,QN71,2,
18495,BELLA,5,QN71,3,
74855,TUCKER,4,QN71,4,
17855,LOLA,4,QN71,5,
32475,DEXTER,4,QN71,6,
11570,LUCY ,4,QN71,7,
34524,GIZMO,4,QN71,8,
67314,DUKE,3,QN71,9,
28066,MAX ,3,QN71,10,
2483,CHARLIE,9,QN72,1,
76640,DAISY,7,QN72,2,
63459,LUNA,7,QN72,3,
12738,TOBY,5,QN72,4,
26356,COCO,4,QN72,5,
40212,TANGO,4,QN72,6,
10478,BELLA,4,QN72,7,
65380,RUBY,4,QN72,8,
38926,LILY,4,QN72,9,
59877,EMMA,4,QN72,10,
38307,LUCKY,3,QN76,1,
75750,MARCO,3,QN76,2,
5147,REX,3,QN76,3,
4538,MACK,2,QN76,4,
53440,MARLEY ,2,QN76,5,
20774,MOO ,2,QN76,6,
71540,BENTLEY,2,QN76,7,
58296,SASHA ,2,QN76,8,
17907,CHARLIE,2,QN76,9,
12338,SHADOW,2,QN76,10,
15306,ARCHIE,2,QN99,1,
24944,OTISH,2,QN99,2,
14371,SIMBA,1,QN99,3,
28699,KATO,1,QN99,4,
48556,BELLA,12,SI01,1,
24380,MAX,12,SI01,2,
39193,ROCKY,9,SI01,3,
27544,LUCY,7,SI01,4,
76945,MOLLY,7,SI01,5,
22117,PENNY,6,SI01,6,
77438,BUDDY,6,SI01,7,
19658,LULU,6,SI01,8,
20805,JAKE,6,SI01,9,
67334,BELLA ,6,SI01,10,
58663,ROCKY,13,SI05,1,
29096,BELLA,12,SI05,2,
16219,BUDDY,9,SI05,3,
43870,MAX,7,SI05,4,
29784,LOLA,6,SI05,5,
37001,CHARLIE,5,SI05,6,
36602,MURPHY,5,SI05,7,
5711,ZOEY,5,SI05,8,
14641,COCO,5,SI05,9,
20771,LUCY ,4,SI05,10,
17988,BAILEY,8,SI07,1,
60408,LUCY,6,SI07,2,
50650,DAISY,6,SI07,3,
74305,BUDDY ,5,SI07,4,
59155,JACKSON,4,SI07,5,
36216,BELLA,4,SI07,6,
47980,JAKE ,4,SI07,7,
85,COCO,4,SI07,8,
46866,ROCKY,4,SI07,9,
78004,SPARKY ,4,SI07,10,
16301,MAX,5,SI08,1,
29186,SUNNY,3,SI08,2,
19051,JAKE,3,SI08,3,
20061,JUNIOR,2,SI08,4,
71287,PIPER,2,SI08,5,
51933,ROXIE,2,SI08,6,
51281,STEWEY,2,SI08,7,
39844,DUKE ,2,SI08,8,
71583,RILEY ,2,SI08,9,
50699,HOLLY,2,SI08,10,
43675,BELLA,12,SI11,1,
54907,COCO ,7,SI11,2,
29563,MAX,7,SI11,3,
43110,LOLA,6,SI11,4,
31181,LUNA,5,SI11,5,
34591,STELLA,5,SI11,6,
27929,DAISY,5,SI11,7,
34251,ROCKY,5,SI11,8,
11614,LADY ,5,SI11,9,
72013,MOLLY,5,SI11,10,
80307,BELLA,9,SI12,1,
7125,LUNA,7,SI12,2,
13100,MAX,6,SI12,3,
7773,ROCKY,6,SI12,4,
34043,BUSTER,4,SI12,5,
18445,DIESEL,4,SI12,6,
57068,BAILEY,4,SI12,7,
45765,BUDDY,4,SI12,8,
5210,RUBY,4,SI12,9,
35763,GIGI,3,SI12,10,
21324,MOLLY,6,SI14,1,
79031,MAX,5,SI14,2,
21980,LUCKY,5,SI14,3,
38626,GIZMO,4,SI14,4,
14346,BELLA,4,SI14,5,
20843,BUDDY,4,SI14,6,
30026,COCO,4,SI14,7,
17696,UNKOWN,4,SI14,8,
69507,ROXY ,3,SI14,9,
1101,OREO,3,SI14,10,
35417,JACK,7,SI22,1,
19102,BELLA,5,SI22,2,
6795,CHARLIE,5,SI22,3,
26222,BUDDY,5,SI22,4,
39689,ZEUS,4,SI22,5,
29271,AMBER,4,SI22,6,
1439,ROSIE,4,SI22,7,
44146,DAISY ,3,SI22,8,
36347,BELLA ,3,SI22,9,
3931,MIA,3,SI22,10,
79136,BELLA,13,SI24,1,
78552,LOLA,11,SI24,2,
9143,ROCKY,7,SI24,3,
3301,CHLOE,7,SI24,4,
48205,MAX ,6,SI24,5,
43455,COCO,6,SI24,6,
56937,BELLA ,5,SI24,7,
64022,MIA,5,SI24,8,
70467,COCO ,5,SI24,9,
46338,LUCKY,5,SI24,10,
33567,BELLA,11,SI25,1,
1512,BUDDY,8,SI25,2,
59709,MAX,7,SI25,3,
1384,MOLLY,6,SI25,4,
7648,COCO,6,SI25,5,
72790,CODY,5,SI25,6,
44352,ROCKY,5,SI25,7,
10465,BAILEY,5,SI25,8,
76797,BUDDY ,5,SI25,9,
24982,MAGGIE,5,SI25,10,
63841,BELLA,5,SI28,1,
72055,OREO,5,SI28,2,
29770,MINNIE,4,SI28,3,
37092,ARCHIE,4,SI28,4,
29850,ANGEL,4,SI28,5,
51167,LUCKY,4,SI28,6,
53098,ROCCO,3,SI28,7,
9276,MAX,3,SI28,8,
44381,HUNTER ,3,SI28,9,
66825,BANDIT,3,SI28,10,
52807,BELLA,9,SI32,1,
74394,BAILEY,8,SI32,2,
62258,ROCCO,7,SI32,3,
63112,BUDDY,5,SI32,4,
74819,ROXY,5,SI32,5,
63569,MOLLY,5,SI32,6,
73140,BELLA ,5,SI32,7,
47763,MIA,5,SI32,8,
37185,DAISY,5,SI32,9,
58380,BANDIT,4,SI32,10,
68354,BELLA,6,SI35,1,
12757,CHLOE,4,SI35,2,
20164,BUDDY ,4,SI35,3,
6284,LUCY,4,SI35,4,
75714,CHARLIE,3,SI35,5,
12803,PRECIOUS,3,SI35,6,
20181,BLAZE,3,SI35,7,
57735,MOLLY,3,SI35,8,
79599,MAGGIE,3,SI35,9,
44126,PRINCE ,3,SI35,10,
79324,BELLA,11,SI36,1,
14014,MAX,9,SI36,2,
48456,MAX ,6,SI36,3,
31258,BUDDY ,6,SI36,4,
3202,CHLOE,5,SI36,5,
62943,SOPHIE,5,SI36,6,
78645,LOLA,4,SI36,7,
9342,ROCKY,4,SI36,8,
64669,SHADOW,4,SI36,9,
13130,DAISY,4,SI36,10,
9994,BELLA,9,SI37,1,
63279,MAX,6,SI37,2,
65976,APOLLO,4,SI37,3,
55505,BENJI,4,SI37,4,
78738,ROCKY,4,SI37,5,
35431,BUDDY,4,SI37,6,
47359,LADY,3,SI37,7,
46128,CODY,3,SI37,8,
77070,COOPER,3,SI37,9,
61232,PRINCE,3,SI37,10,
29746,ROCKY,9,SI45,1,
76811,BAILEY,8,SI45,2,
58024,BELLA,6,SI45,3,
33418,DAISY,5,SI45,4,
31641,PENNY,5,SI45,5,
17437,COOKIE,5,SI45,6,
15548,LADY,4,SI45,7,
46972,HONEY,4,SI45,8,
2670,DAISY ,3,SI45,9,
6389,TEDDY,3,SI45,10,
49954,BELLA,14,SI48,1,
37990,ROCKY,10,SI48,2,
67279,BAILEY,10,SI48,3,
23179,MAX,9,SI48,4,
3829,BUSTER,8,SI48,5,
74475,COCO,8,SI48,6,
60145,ROCKY ,6,SI48,7,
65876,ZOEY,6,SI48,8,
2375,BUDDY ,5,SI48,9,
14806,LEXI,5,SI48,10,
45646,MAX,12,SI54,1,
50976,ROCKY,11,SI54,2,
3716,BAILEY,11,SI54,3,
22640,BELLA,10,SI54,4,
13134,MOLLY,10,SI54,5,
34856,CHARLIE,8,SI54,6,
2964,ZOEY,8,SI54,7,
66598,MINNIE,7,SI54,8,
47164,DAISY,7,SI54,9,
74101,TEDDY,7,SI54,10,
